A,TP0,B,alpha,n_samples
3000000,200,898.1471469438611,1.379675267737042,204
