A,TP0,B,alpha,n_samples
3000000,200,558.451786464857,1.4453034270093077,204
